        ra        |          dec          | psfmag_u | psfmagerr_u | psfmag_g | psfmagerr_g | psfmag_r | psfmagerr_r | psfmag_i | psfmagerr_i | psfmag_z | psfmagerr_z 
------------------+-----------------------+----------+-------------+----------+-------------+----------+-------------+----------+-------------+----------+-------------
 162.511772738531 |   -0.0102393238843997 |  12.8243 | 0.000856368 |   13.145 | 0.000448358 |  13.6694 | 0.000633712 |  14.0561 |   0.0244719 |  14.3966 |   0.0249384
 162.571344870289 |    0.0165205071160309 |  25.8336 |    0.593664 |  21.8722 |    0.067351 |  20.3136 |   0.0302039 |  18.8765 |   0.0228915 |  18.1305 |   0.0289434
 162.560047808967 |   -0.0374970109148987 |  22.3128 |    0.164478 |     21.1 |   0.0341856 |  20.6017 |    0.037433 |  20.4118 |   0.0408687 |  20.3072 |     0.12047
 162.564316487913 |    0.0605126217017874 |  22.1963 |    0.226581 |  21.1882 |   0.0399476 |  20.9143 |   0.0434468 |  20.7917 |   0.0517539 |  21.1106 |    0.260848
 162.473125409236 |    0.0538803556341539 |  24.2152 |    0.966777 |  25.0995 |    0.520405 |  24.8748 |    0.653839 |  23.2124 |    0.272692 |  20.6096 |    0.525712
  162.59875518021 |   0.00776759077350168 |  24.0163 |    0.889761 |   24.284 |    0.448164 |  23.8892 |    0.524978 |  22.0531 |    0.154021 |  21.9078 |    0.486266
  162.50474453355 |   -0.0744854532541338 |  23.6409 |    0.451989 |   22.607 |    0.105183 |  21.8452 |   0.0919586 |  21.7248 |    0.103691 |  21.4315 |    0.305865
 162.524883419329 |    0.0819307864708737 |  22.7702 |    0.364102 |  23.6336 |    0.256684 |  23.0372 |     0.25336 |   22.141 |    0.156992 |  21.6582 |    0.397897
 162.475775894136 |    0.0109509577442362 |  25.7129 |    0.651393 |  22.5604 |    0.108224 |  22.2553 |    0.128127 |  22.0294 |    0.142342 |  21.9109 |     0.48167
 162.635383835256 |   -0.0553036312835108 |  22.0191 |    0.126842 |  20.9788 |   0.0312571 |   20.511 |   0.0331258 |  20.3673 |   0.0349154 |  20.0862 |    0.101344
 162.501848383881 |     0.072074444285343 |  24.4839 |     0.99449 |  23.1345 |    0.171978 |  22.4551 |    0.154261 |  22.2687 |    0.175111 |  22.0468 |    0.513451
 162.543029373337 |    -0.040973691685115 |  25.7212 |    0.827244 |  23.2005 |    0.171583 |  23.4462 |     0.34786 |  23.2918 |    0.310873 |  22.3423 |    0.528662
 162.545080709093 |   -0.0409896280583511 |  23.6253 |     0.35704 |  21.4353 |   0.0425324 |  20.0053 |   0.0288963 |   19.262 |   0.0278528 |  18.7859 |   0.0412087
 162.488651328754 |    0.0801609194789496 |  24.6913 |     1.00407 |  25.2041 |    0.518602 |  22.8095 |    0.351837 |  21.2819 |    0.106843 |  21.0489 |    0.340575
 162.516411929418 |    0.0314005931268927 |  18.8393 |   0.0273045 |  16.9687 |   0.0208079 |  16.2434 |   0.0159522 |  15.9833 |   0.0185163 |  15.8374 |    0.017804
 162.554011965852 |   0.00935783143074846 |  18.6952 |   0.0262608 |  17.2394 |   0.0208656 |  16.6269 |    0.016018 |  16.3523 |   0.0185701 |  16.2155 |   0.0182117
 162.565427489019 |    0.0525154959521191 |  22.6614 |    0.334304 |  21.9374 |   0.0655938 |  21.3387 |   0.0598319 |  21.2243 |   0.0724391 |  21.1035 |    0.260192
 162.574939853724 |   -0.0952490280272483 |  23.5903 |    0.438115 |  22.9083 |    0.137885 |  21.5745 |   0.0756834 |  20.4671 |   0.0453578 |   19.704 |   0.0769329
 162.529062072748 |    0.0208749178172495 |  24.4566 |    0.994282 |  24.1165 |    0.370691 |    22.96 |    0.234629 |  21.8781 |    0.129642 |  21.2578 |    0.298585
 162.580179780032 |     0.076611625908653 |  22.9657 |    0.421597 |  22.8709 |    0.137142 |  22.0099 |    0.104468 |  21.5873 |   0.0979896 |  21.8591 |    0.456043
 162.502502267202 |    0.0248649750063279 |  24.0158 |     1.04257 |  24.5093 |    0.462999 |  22.6115 |     0.18622 |  22.0373 |    0.147662 |  22.6251 |    0.643934
 162.634440864125 |   -0.0393440566842425 |  25.5979 |    0.429799 |  24.4519 |    0.413643 |  23.8237 |    0.433025 |   22.366 |    0.176693 |  22.0578 |    0.478436
 162.617425322403 |   -0.0493289815563272 |  23.2342 |    0.346327 |  22.5189 |   0.0975612 |  21.7789 |   0.0847935 |  21.2934 |   0.0694551 |  21.3504 |    0.291794
 162.555355765018 |    0.0142330282293279 |  24.5224 |      1.0135 |  23.0542 |    0.613448 |  23.7064 |    0.289952 |   24.702 |    0.571155 |  23.3356 |    0.591942
 162.519408295571 |  -0.00504047772751424 |  23.0749 |    0.300201 |  21.5886 |   0.0464474 |  21.0734 |   0.0505124 |  20.7015 |   0.0489887 |  20.3613 |    0.123203
 162.475823049698 |    0.0211412700766639 |  24.6455 |     1.01855 |  24.7021 |    0.495279 |  22.6061 |    0.173945 |  22.9943 |    0.318047 |  21.8442 |    0.460856
 162.494821437153 |   -0.0218143495644989 |  24.6898 |    0.628901 |  24.0214 |    0.322113 |  22.9438 |     0.23412 |  22.3216 |     0.17225 |  21.3282 |    0.276739
 162.596335377679 |    0.0174780199504482 |   23.591 |    0.690713 |  21.4816 |   0.0477989 |   19.984 |   0.0249134 |   18.852 |   0.0213113 |  18.2665 |   0.0300495
 162.575698577689 |   -0.0856918119410127 |  23.6823 |    0.464994 |  22.6795 |    0.112609 |  22.4502 |    0.152337 |  22.4258 |    0.183791 |  22.0928 |    0.486261
  162.45873556481 |  -0.00564628426294216 |  23.1291 |    0.310218 |  23.1433 |    0.165238 |  22.0804 |    0.110757 |  21.5315 |   0.0911423 |  21.2185 |    0.255464
 162.628540012498 |   -0.0378605948823108 |  25.1265 |    0.561511 |  24.2876 |    0.379352 |  25.0654 |    0.599863 |  24.5609 |    0.544887 |  20.8444 |    0.192938
 162.561850445877 |    0.0537812405744403 |  23.1973 |    0.513382 |  22.9969 |    0.153461 |  22.8111 |    0.207072 |  23.1899 |    0.745195 |  23.5698 |    0.518226
 162.529678789425 |     0.047281945573106 |  23.5148 |    0.662626 |  22.0296 |   0.0730586 |  21.3403 |   0.0667691 |  20.9366 |   0.0665423 |   20.212 |    0.126071
 162.537863234526 |   0.00641333156696339 |  21.6453 |    0.147424 |  20.7332 |   0.0321707 |  20.5279 |   0.0334265 |  20.4834 |   0.0417103 |  20.4332 |     0.15011
 162.544867385226 |   -0.0915747424143711 |  24.5667 |    0.640724 |  24.5408 |     0.64327 |  22.9495 |    0.235559 |  21.9213 |    0.124193 |  22.1182 |    0.491399
 162.626533631626 |     0.015461119821341 |  25.7015 |    0.653227 |   23.028 |    0.157211 |  21.7785 |   0.0846608 |  21.3091 |   0.0778772 |  20.9329 |    0.231597
 162.581632326049 |  0.000410292676636443 |   25.061 |    0.956736 |  23.3717 |    0.210652 |  21.9883 |    0.101132 |   21.566 |   0.0962496 |  20.8939 |    0.224549
 162.639340461287 |    0.0470581257630789 |  24.0123 |    0.866876 |   24.587 |    0.462846 |   23.677 |    0.409416 |  22.1518 |      1.0494 |  23.3347 |    0.592951
 162.643091794308 |    0.0327549389824484 |  21.0085 |   0.0890717 |  20.0175 |   0.0269478 |  19.6481 |   0.0224963 |  19.5016 |    0.021971 |  19.4437 |   0.0657762
 162.544007817126 |   -0.0642494447857981 |   23.819 |      0.5042 |  25.2901 |    0.491627 |  23.9733 |    0.501976 |  22.0454 |    0.263487 |  22.8144 |     0.58735
 162.605458007453 |   -0.0523628501142872 |  24.2488 |    0.613956 |  23.2593 |    0.180964 |  21.6829 |   0.0787792 |   20.591 |   0.0451295 |  19.9242 |   0.0899848
 162.576046512521 |   -0.0562098356482139 |  23.6529 |    0.458372 |  22.3977 |   0.0884522 |  20.9738 |    0.046879 |  19.7145 |   0.0308452 |   19.123 |   0.0502882
 162.623654251536 |    0.0724418152798721 |  13.4963 |   0.0173783 |  12.1171 | 0.000295355 |  11.6928 | 0.000260902 |  16.1974 |   0.0236821 |  13.4951 |   0.0177362
 162.598641928438 |    0.0142294316919844 |  24.3321 |    0.984876 |  23.2351 |     1.01986 |  24.7529 |    0.641145 |  24.6182 |    0.582322 |   22.984 |    0.656196
 162.487976444728 |   -0.0391851402490031 |  22.7998 |    0.240245 |   22.855 |    0.128424 |  22.5076 |    0.161365 |  21.9044 |    0.121292 |  21.6154 |    0.346004
 162.562602913498 |    0.0748281626042769 |  25.4696 |    0.741786 |  23.2345 |    0.185701 |  21.5997 |    0.074153 |  19.8689 |   0.0292403 |  19.0827 |   0.0491187
  162.46006209043 |    -0.089455081140442 |  23.4607 |    0.400135 |  22.9398 |    0.139472 |  23.0115 |    0.244077 |  22.1783 |    0.153951 |  22.3285 |    0.524718
 162.626842068457 |    0.0832994548838678 |  23.8841 |      0.8031 |  23.6642 |    0.259413 |  22.1737 |    0.119668 |  22.0242 |    0.141448 |  22.1877 |    0.549442
 162.591471073731 |   -0.0939964672847095 |  23.8836 |    0.521583 |  23.2592 |    0.183295 |   22.553 |     0.16589 |  22.0508 |    0.134342 |  21.8044 |     0.41232
  162.64210369641 |    0.0837398700222599 |  23.1245 |    0.483035 |  21.3987 |   0.0456654 |    20.43 |   0.0307836 |  20.0196 |   0.0291747 |  19.8204 |    0.087925
 162.617797010393 |    -0.106942965838179 |  22.7367 |     0.25417 |  21.1467 |   0.0350011 |  20.5187 |    0.033801 |  20.2167 |   0.0317826 |  19.9108 |   0.0886355
 162.622892312894 |    0.0679137003275662 |  24.8769 |     1.09632 |  23.3657 |    0.212733 |   24.285 |     2.32032 |  23.7375 |    0.522787 |  22.9067 |    0.760363
 162.614258297275 |    0.0830189186041729 |  23.6177 |    0.799292 |  22.6934 |    0.123538 |  21.1705 |   0.0746455 |  20.6807 |   0.0671495 |  20.1006 |    0.117933
 162.498759474798 |    0.0360268924271964 |  26.0338 |    0.495383 |  24.2813 |    0.384622 |  23.0805 |      0.2613 |  22.0213 |    0.141967 |  20.7383 |    0.192627
 162.559698773409 |   -0.0462878890112243 |   25.321 |    0.524095 |    24.13 |    0.349493 |  22.8586 |    0.214791 |  21.9359 |    0.122558 |  21.0604 |    0.226668
 162.529177971164 |    0.0338616584331718 |  23.1114 |    0.626118 |  23.3279 |    0.192728 |  21.9186 |   0.0965366 |  21.3155 |   0.0782261 |  20.8115 |    0.205048
 162.631257520067 |    0.0144321908267678 |  24.8855 |    0.985438 |  23.3458 |    0.389663 |  24.5565 |    0.502348 |  24.0054 |    0.570593 |  22.7261 |    0.664628
 162.481106717791 |    0.0553457972588103 |  22.1377 |     0.20884 |  21.3694 |    0.043302 |  20.9652 |   0.0440322 |  20.8031 |   0.0515672 |  20.9217 |    0.225179
 162.626527975455 |      0.01226006279231 |  25.4982 |     0.75203 |   24.311 |    0.410095 |  23.0889 |    0.229664 |   21.561 |   0.0959941 |   20.307 |     0.13611
 162.606508778994 |   -0.0193909541780128 |  23.5403 |    0.434213 |  23.1783 |    0.166119 |  23.3134 |    0.307053 |  22.9415 |    0.282398 |  22.7149 |    0.579529
  162.50274333129 |    -0.100103318780455 |  24.7603 |    0.637334 |  25.0247 |    0.499541 |  22.9887 |    0.244405 |  22.0225 |    0.132628 |  21.4638 |    0.315929
 162.570029294164 |     -0.10706815684277 |  23.9619 |    0.314891 |  21.2402 |   0.0376665 |  20.1692 |   0.0308347 |  19.6923 |   0.0306076 |  19.4789 |   0.0648039
 162.548255402665 |    0.0687790693194729 |   21.061 |   0.0918087 |  19.6131 |   0.0236258 |  18.9634 |   0.0184806 |  18.7115 |   0.0208344 |  18.5181 |   0.0339668
 162.618127733598 |   -0.0880860445130475 |  24.4527 |    0.623928 |   23.627 |    0.191344 |  22.0964 |    0.108537 |  20.3586 |   0.0346473 |   19.527 |   0.0636648
 162.633983050247 |   -0.0609709440011829 |  24.1996 |    0.585248 |  24.8875 |    0.481677 |  23.2491 |    0.283943 |  21.8842 |    0.117502 |   20.976 |    0.217467
 162.520314940213 |    0.0865015609344707 |  23.3009 |    0.554714 |  20.3654 |   0.0279008 |  18.9735 |   0.0185704 |  17.7279 |   0.0191585 |  17.1227 |   0.0202734
  162.49923529241 |    0.0406438030357201 |  25.6346 |    0.674184 |  24.2544 |    0.401159 |  22.9335 |    0.231281 |  22.2934 |    0.179093 |  21.7808 |    0.438973
 162.598058404925 |     0.043538664999449 |  25.8439 |    0.578488 |  25.1151 |    0.518947 |  23.3561 |     0.32271 |  21.8404 |      0.1214 |  21.6231 |    0.393488
 162.627116231279 |    0.0313825949075227 |  23.6737 |    0.722034 |  23.8572 |    0.312502 |  23.1745 |    0.277507 |  22.2796 |    0.177177 |  22.5769 |    0.488857
 162.630973694797 |    0.0460249607565427 |  25.3783 |    0.795121 |   23.652 |    0.249529 |  22.7277 |     0.19113 |  22.1956 |    0.299384 |  22.4446 |    0.618554
  162.64602997138 |   -0.0153239591419346 |  23.1506 |    0.311624 |  22.6999 |    0.119635 |  21.2584 |   0.0539361 |   20.774 |   0.0450503 |  20.5018 |    0.145309
 162.549096198033 |   0.00905752977975008 |  24.4922 |     1.01367 |  25.5662 |    0.484078 |   23.027 |    0.247181 |  21.9619 |    0.135114 |  21.8166 |    0.455563
 162.480936124232 |    0.0143351278717703 |  24.9821 |    0.964352 |  23.1683 |    0.793946 |  24.0294 |    0.508031 |  25.0647 |    0.489679 |  23.5626 |    0.528559
 162.535162133962 |   -0.0343914809589524 |  23.5664 |    0.575593 |  23.5527 |    0.242022 |   23.775 |    0.519073 |  22.5725 |    0.242673 |  22.8884 |     0.59348
 162.639931538369 |    0.0893040623728703 |  25.8308 |     0.58215 |  24.6336 |    0.469501 |  24.3839 |    0.603468 |  22.2913 |     0.17907 |  23.2941 |    0.593325
 162.560040831783 |    0.0566321949580592 |  22.2909 |    0.245716 |  20.0039 |   0.0253703 |  18.7205 |    0.017805 |  18.1792 |   0.0196619 |  17.8715 |   0.0249169
 162.520495460019 |     0.044873031593358 |  24.0159 |    0.869571 |  21.2908 |   0.0425842 |  19.8041 |   0.0232553 |  18.6792 |    0.020741 |  18.0919 |   0.0273789
 162.470134404402 |    0.0476652695523816 |  20.5765 |   0.0666305 |  18.8765 |   0.0195525 |  18.1609 |   0.0127699 |  17.9247 |   0.0176287 |  17.9758 |   0.0281342
 162.600036569737 |    0.0893280413818582 |   24.841 |    0.963162 |  24.6042 |      0.4673 |  22.8926 |    0.222673 |  21.4136 |   0.0847331 |  20.7103 |    0.185361
   162.6064276521 |   -0.0928752095311919 |  24.2647 |    0.628419 |  23.3669 |    0.220473 |  22.5823 |    0.184495 |  22.3625 |    0.184448 |  22.0707 |    0.503263
 162.631539003046 |    0.0383520216563603 |   22.677 |    0.341016 |  23.9074 |    0.323291 |  24.1713 |    0.550806 |  22.1327 |    0.155444 |  22.8676 |    0.662981
 162.514413840361 |    0.0530311747435613 |   23.162 |     0.50186 |  21.8474 |    0.061748 |  20.9021 |    0.043281 |  20.6426 |   0.0464431 |  20.6376 |    0.175903
 162.452829399837 |   -0.0618049762848292 |    24.87 |      0.6196 |  23.1769 |    0.171298 |  22.3524 |    0.140045 |   21.991 |    0.135001 |  21.4545 |    0.307164
 162.570086161412 |    -0.105284524454056 |  25.7359 |    0.833367 |  24.1027 |    0.347673 |  22.6421 |    0.182032 |  22.9984 |     0.29129 |  23.3692 |    0.530312
 162.504721578323 |    0.0521559702619943 |   18.228 |    0.023072 |  17.1315 |   0.0208386 |  16.7315 |   0.0160453 |  16.5848 |   0.0186176 |  16.5351 |   0.0186795
 162.552940128467 |    0.0699648731006011 |  22.2179 |    0.229405 |   19.627 |   0.0236714 |  18.2504 |   0.0169787 |     17.6 |   0.0190463 |  17.2107 |   0.0205904
 162.479943113962 |    0.0261251477745762 |  22.8129 |    0.383607 |  25.0448 |    0.527387 |  23.1802 |    0.282833 |  22.2115 |    0.166635 |  22.4062 |    0.611817
 162.558966469823 |   0.00428814171435652 |  22.5117 |    0.307622 |  20.2661 |   0.0274867 |  19.3332 |   0.0200354 |  18.9807 |   0.0219295 |  18.8202 |   0.0418186
 162.519777414492 |    0.0073716063829055 |   25.448 |    0.770378 |  24.4767 |    0.457438 |  23.9539 |    0.493862 |  22.1464 |    0.158153 |  22.7071 |     0.65521
 162.545024475255 |   -0.0905389499007863 |  25.1861 |    0.559011 |  25.3444 |    0.491673 |  24.1656 |    0.561524 |  22.2334 |    0.158852 |   21.726 |    0.386148
 162.533924784361 |   -0.0258105676770391 |  20.7601 |   0.0501746 |   18.156 |   0.0170367 |  16.9685 |   0.0219506 |  16.5105 |   0.0246013 |  16.2772 |    0.025532
 162.606786283641 | -0.000635610397433595 |  25.1824 |    0.577751 |  25.6899 |    0.417841 |  24.0079 |    0.497662 |  24.5552 |    0.546322 |  20.9722 |    0.207368
 162.643863007953 |   -0.0203596466307715 |  23.9379 |    0.521896 |  23.6837 |    0.248496 |   22.801 |    0.193788 |  21.9603 |     0.12422 |  20.7643 |    0.180055
 162.503806245511 |    0.0536988778587054 |  23.4408 |    0.744156 |  23.0514 |    0.161727 |  22.9529 |    0.262991 |  22.1601 |    0.199615 |  21.0405 |    0.247324
 162.559457965583 |   0.00347031994929749 |  23.0832 |    0.582689 |  22.4229 |    0.392257 |  22.4312 |    0.691687 |  22.7457 |     1.79603 |  22.4424 |    0.625265
 162.556893882047 |    0.0738062768259515 |  25.5361 |    0.712162 |  22.8573 |    0.136085 |  21.5144 |    0.069203 |  20.3307 |    0.037733 |  19.6103 |   0.0736953
 162.627369923065 |    0.0285839234460645 |  23.3646 |    0.585131 |  23.0727 |    0.162638 |  23.1182 |     0.26486 |  23.5116 |    0.456476 |  21.5451 |    0.375194
 162.549339508073 |   -0.0462264261010165 |  19.9533 |   0.0302489 |  19.0029 |   0.0180044 |   18.687 |   0.0230243 |  18.5672 |   0.0258716 |  18.5382 |   0.0367873
 162.638403510797 |    0.0311942947191767 |  22.5918 |    0.315283 |  21.5339 |   0.0492904 |  21.3459 |   0.0607712 |  21.2271 |   0.0730623 |  21.8365 |    0.464943
 162.622715501188 |    0.0566938392291245 |  24.6293 |     1.00063 |  25.5481 |    0.476647 |  22.5746 |    0.167993 |  22.0913 |      0.1501 |  21.4135 |    0.334224
 162.469726698419 |     0.084057226600373 |  25.5306 |    0.749668 |   25.822 |    0.417881 |  22.6651 |    0.553544 |  23.7867 |     0.52772 |  22.0064 |    0.505536
 162.619051831295 |    0.0294701455729475 |  16.1604 |   0.0181755 |  14.9414 |   0.0206332 |  14.8957 |   0.0158635 |  14.9304 |   0.0184373 |   15.011 |   0.0173581
 162.611788337522 |   -0.0613066697397388 |  21.6812 |    0.099427 |  21.3495 |   0.0402506 |  21.1927 |   0.0540896 |  21.2922 |   0.0730429 |  20.8073 |    0.188077
 162.527375774425 |     0.017052006797153 |  22.8962 |    0.407188 |  23.8321 |    0.304256 |  22.9185 |    0.226503 |  21.2568 |   0.0746931 |  20.2754 |    0.130751
 162.636877187277 |   0.00901468774139835 |  24.5576 |     1.00341 |  24.9907 |    0.517745 |  24.5232 |    0.623007 |  22.2778 |    0.272777 |  22.6323 |    0.666092
 162.608585369556 |    0.0336175175692288 |  22.5521 |    0.356594 |  20.8667 |   0.0338002 |  19.4692 |    0.020656 |   18.522 |    0.020317 |  18.0115 |   0.0265197
  162.58432671721 |    0.0840673428670043 |  23.9198 |    0.814252 |  25.3539 |     0.50344 |  22.5545 |    0.406454 |  24.2245 |    0.594572 |  22.2585 |     0.56637
 162.507367581868 |    0.0859208269897008 |  26.4811 |    0.337261 |  24.3972 |    0.429133 |  23.0173 |    0.249897 |  22.1866 |    0.163226 |  22.0702 |    0.518649
 162.549307370626 |    0.0841680153241933 |  20.9658 |   0.0855052 |  19.0699 |   0.0222487 |  18.1805 |   0.0174847 |  17.9244 |    0.019337 |  17.7678 |   0.0239305
 162.608783639264 |    0.0636158876751621 |  21.7121 |    0.152131 |  21.6854 |   0.0544241 |  21.3621 |   0.0607405 |  21.2073 |   0.0713961 |  20.6184 |    0.172461
 162.613178679961 |    -0.103001783557941 |  23.4531 |    0.398411 |  23.5182 |    0.226791 |  22.4569 |    0.151614 |  23.5078 |    0.417766 |  22.6916 |    0.603791
 162.608333708054 |    0.0371428431542175 |  24.0312 |    0.875613 |  23.3308 |    0.200827 |  23.6177 |    0.392335 |  23.2651 |    0.388427 |  23.2922 |    0.597341
 162.549321568926 |   0.00354845052856262 |  22.0028 |     1.06897 |  20.7121 |   0.0319694 |  20.3993 |   0.0318441 |  20.2913 |   0.0392455 |  20.1208 |    0.115365
 162.550836527296 |     0.088504860920487 |    23.48 |    0.625229 |  21.7729 |   0.0579465 |  21.4619 |   0.0666063 |  21.1685 |   0.0693791 |  21.0398 |    0.244623
 162.613218851591 |    0.0731696016271085 |  23.5159 |     0.64056 |  23.9947 |    0.332826 |  23.4015 |     0.33524 |  22.1813 |    0.162188 |  21.4448 |    0.339797
 162.608297919419 |    0.0496839712461105 |  24.6423 |     1.00076 |  24.2526 |    0.394233 |  23.8681 |    0.465873 |  22.2953 |    0.178933 |  21.9407 |    0.485658
 162.466715353049 |   -0.0515033219640144 |  23.8588 |    0.510537 |  23.6152 |    0.316176 |  22.9286 |     0.22804 |  22.3368 |    0.176911 |  22.5529 |    0.560725
 162.602828141564 |   -0.0190990299678566 |  24.9659 |     0.62078 |  23.3042 |    0.184202 |  22.9512 |    0.228362 |  23.1971 |    0.342069 |  22.2935 |    0.519729
 162.603171987867 |   -0.0426211856549198 |  24.5587 |    0.652692 |  22.9521 |    0.139484 |  21.4983 |   0.0679545 |  20.7613 |   0.0501004 |   20.156 |    0.107936
 162.466137796273 |    0.0403868209238931 |  24.3542 |     1.00171 |  22.3002 |    0.085964 |   21.833 |   0.0897672 |  21.5968 |   0.0988762 |  21.6639 |    0.406568
 162.466267278172 |    0.0503889274789114 |  23.1127 |     0.50707 |  23.9971 |    0.364906 |  22.7458 |     0.21463 |  22.3904 |    0.201714 |  21.7876 |    0.451321
  162.46626045079 |    0.0717405661236138 |  23.7035 |    0.755502 |  22.4273 |   0.0944828 |  22.1845 |    0.122053 |  22.4386 |    0.202924 |  22.0908 |    0.530279
 162.604038473654 |   0.00533609449228335 |  21.4251 |    0.124926 |  19.2494 |   0.0226231 |  18.2012 |   0.0168367 |  17.8102 |   0.0192179 |  17.5667 |   0.0226964
 162.540398497684 |    0.0901994391787345 |  22.8873 |    0.398759 |  20.5383 |   0.0295312 |  19.1158 |   0.0190475 |  17.9522 |   0.0193683 |  17.3358 |    0.021144
 162.604468797556 |    0.0346543303410344 |  21.9605 |    0.347789 |  24.9334 |    0.513897 |  25.7221 |     0.46288 |  24.5247 |    0.591667 |  22.2734 |    0.581657
 162.541225236541 |     0.026530675973157 |  24.7625 |      1.0027 |  24.0872 |    0.361625 |  22.6628 |    0.182149 |  21.9223 |     0.13053 |  22.1106 |    0.366843
 162.457292055193 |   -0.0430997301713414 |  21.3953 |   0.0813799 |  20.3113 |   0.0241991 |  20.0443 |   0.0263068 |  19.9385 |     0.02914 |  19.9824 |   0.0902385
 162.606165115467 |   -0.0815331628970882 |  22.0081 |    0.128067 |  19.8302 |   0.0205592 |  18.4528 |   0.0227022 |  17.8324 |   0.0250466 |  17.4793 |   0.0280152
 162.452375398302 |   -0.0644155530658207 |  17.8932 |   0.0247478 |   16.296 |   0.0171134 |  15.7314 |   0.0177536 |  15.4682 |   0.0186577 |  15.4388 |   0.0166794
 162.450558452487 |    0.0112061096641942 |  19.2899 |   0.0327312 |  17.4136 |   0.0183528 |  16.6763 |   0.0116541 |  16.4198 |   0.0167668 |  16.2576 |    0.021083
 162.560079901001 |  -0.00698526652947722 |  23.5216 |    0.422944 |  20.6862 |     2.02737 |  21.4134 |   0.0607594 |  20.8076 |      1.0829 |  20.4311 |     22.5642
 162.458739199413 |   -0.0434825816201079 |  23.7324 |    0.474284 |  23.2244 |    0.225981 |  22.5951 |    0.160985 |  23.7087 |    0.384997 |   22.197 |    0.539105
 162.467558352793 |   -0.0435107430803563 |  20.1821 |   0.0403859 |  19.0606 |   0.0187143 |  18.7373 |    0.019321 |  18.5823 |    0.020313 |  18.5657 |   0.0320892
 162.446763726363 |   -0.0129165992782033 |  24.0904 |     0.56466 |  22.4748 |   0.0949213 |  21.8194 |   0.0886388 |   21.368 |   0.0795946 |  21.4858 |    0.315028
 162.548826535773 |   -0.0107056217551485 |  24.7593 |    0.640503 |  24.4263 |     0.36048 |  22.7433 |    0.193756 |  23.8591 |    0.348371 |   23.402 |     0.52685
 162.615095987711 |     -0.10959281200194 |  20.4432 |   0.0405375 |   18.444 |   0.0173224 |  17.6812 |   0.0221472 |  17.4005 |   0.0248457 |  17.2901 |   0.0274449
 162.506539105443 |   -0.0726641900202217 |  24.9506 |    0.607969 |  22.4475 |    0.099966 |  20.9513 |   0.0498456 |  19.9723 |   0.0345908 |   19.527 |    0.066223
 162.523552992392 |   -0.0197901286617608 |  15.2208 |  0.00902363 |  13.8495 | 0.000634095 |  14.1524 |  0.00083078 |  14.4808 |  0.00132626 |       13 |   0.0248602
 162.548172502241 |   -0.0977768514666395 |  22.1372 |    0.142162 |  20.0598 |   0.0218272 |  18.7029 |    0.023072 |  17.8743 |   0.0250696 |  17.3664 |   0.0275611
 162.588240112324 |    0.0839738243887122 |   25.157 |     0.87179 |   25.767 |    0.584029 |  22.5807 |    0.343399 |  24.2498 |    0.596048 |  21.7155 |    0.413545
 162.567285234026 |   -0.0844233422173076 |   22.716 |    0.256314 |  21.8214 |   0.0735341 |  21.5623 |    0.219809 |  21.4573 |    0.370356 |  22.6491 |    0.732577
 162.501802735741 |   -0.0422298015478499 |  24.6444 |     0.63541 |  25.2601 |    0.490009 |  23.2107 |    0.660316 |  24.2816 |    0.555122 |  22.7931 |    0.577595
 162.576019250365 |   -0.0213358650154405 |   22.648 |    0.314651 |  20.0618 |    0.243695 |  18.9712 |    0.136544 |  18.5015 |   0.0401147 |   18.368 |   0.0785361
 162.536185385013 |   -0.0153366925409636 |  24.2212 |    0.602472 |  21.6936 |   0.0537811 |  20.3076 |   0.0324567 |  18.8747 |   0.0265911 |  18.0709 |   0.0311524
 162.483117466551 |    -0.103459100144595 |  17.3804 |   0.0113275 |   16.284 |   0.0164728 |  15.9251 |   0.0218408 |  15.8021 |   0.0245297 |   15.759 |   0.0252608
 162.471877868487 |   -0.0596417557462768 |  16.3148 |   0.0097087 |   14.856 |   0.0163906 |  14.3819 |   0.0217906 |  14.2239 |   0.0244768 |  14.1717 |   0.0249195
  162.55701163013 |  -0.00898203070562696 |  14.0386 |  0.00876639 |  12.8222 | 0.000385857 |   12.373 | 0.000326399 |  12.2655 |  0.00036749 |   12.204 |   0.0248446
 162.546741703401 |   -0.0817957646315182 |  19.2852 |   0.0213298 |  18.3019 |   0.0171635 |  18.0108 |   0.0223514 |  17.9274 |   0.0251225 |   17.864 |   0.0299686
  162.56312442109 |   -0.0844528313683282 |  18.6011 |   0.0159731 |  17.5303 |   0.0167313 |  17.1685 |   0.0220004 |   17.048 |    0.024707 |  17.0137 |   0.0266009
 162.551960232903 |   -0.0194528383823388 |  23.1332 |    0.317684 |   20.397 |    0.024193 |  18.9585 |   0.0235246 |  18.0835 |   0.0252552 |  17.6839 |   0.0286943
 162.571769030437 |   -0.0222087250642921 |  22.5464 |    0.222764 |  20.2688 |    0.138636 |  18.9385 |   0.0473084 |  17.8374 |   0.0265324 |  17.3212 |   0.0275509
 162.472653139728 |   -0.0854861932392787 |  24.1134 |     0.58028 |  23.5182 |    0.231793 |  24.9872 |    0.843133 |  24.8466 |    0.562862 |  22.8062 |    0.586641
 162.572055579044 |     -0.02423134713555 |   22.323 |     0.16955 |  20.9048 |   0.0309947 |  20.4466 |   0.0334542 |  20.1323 |   0.0363789 |  20.3704 |    0.180901
 162.568484175674 |   -0.0855176684279327 |  22.5965 |    0.208324 |  20.3377 |   0.0255226 |  18.9285 |   0.0237218 |  18.2518 |   0.0254915 |   17.884 |   0.0301409
 162.589231465814 |     0.090091015976322 |  22.8565 |    0.373001 |  24.5201 |    0.413575 |  23.2665 |    0.323112 |   22.406 |    0.212785 |  21.7345 |    0.427524
 162.554108584005 |    -0.104827173305127 |  23.1403 |    0.318189 |  21.5755 |   0.0471612 |  21.1634 |   0.0542158 |  20.9711 |   0.0572542 |  20.8934 |     0.20223
 162.539627707917 |     -0.06912828317635 |  22.9289 |    0.269355 |  22.4317 |   0.0953896 |  22.0043 |    0.111419 |  21.6828 |    0.106314 |  21.6013 |    0.353444
 162.528808923777 |    -0.022769266642843 |  25.2474 |    0.539362 |  24.3348 |    0.287782 |  22.6891 |    0.187174 |  21.6793 |    0.100422 |  21.1495 |    0.239212
 162.563073165641 |   -0.0674484214998164 |  24.0483 |     0.72345 |  23.5472 |    0.428068 |  21.8239 |    0.175581 |  21.2647 |      0.1371 |  20.8711 |     0.24399
 162.449591439666 |    0.0730500184642422 |  22.6167 |    0.335494 |   20.094 |   0.0238071 |  18.5144 |   0.0134837 |  16.7048 |    0.016841 |  15.7404 |   0.0206398
 162.491608468316 |    0.0824236298103807 |  23.8682 |    0.829684 |  24.4154 |    0.459566 |  22.9317 |    0.269528 |  23.8276 |    0.562043 |  22.3028 |    0.637934
 162.481081542161 |   -0.0641415298754445 |  22.1245 |    0.139743 |  19.5314 |   0.0193068 |   18.189 |   0.0224712 |  17.5208 |   0.0249397 |  17.2239 |   0.0270411
 162.545944808754 |   -0.0940776347925935 |  21.9218 |    0.119654 |  21.0963 |   0.0351238 |  20.7553 |   0.0441416 |  20.6206 |   0.0484623 |  20.9555 |     0.25293
 162.563634833366 |   -0.0441703368839185 |  22.2187 |     0.15242 |  21.5844 |   0.0469835 |  21.1488 |   0.0528658 |  21.1092 |   0.0635744 |  21.0357 |    0.222116
 162.508547111304 |   -0.0496757386904916 |  21.9662 |    0.123096 |  21.8025 |   0.0550852 |  21.7859 |   0.0873802 |  21.3696 |    0.111195 |  21.3591 |    0.286556
 162.504511868326 |   -0.0533185846413955 |  24.4432 |    0.629036 |  21.2327 |   0.0371449 |  19.6808 |   0.0264225 |  18.8254 |   0.0270999 |  18.4199 |   0.0350442
 162.506627787386 |   -0.0145108851095365 |  22.7476 |     0.23082 |  21.7438 |   0.0521871 |  21.2008 |   0.0554387 |  21.0387 |   0.0917929 |  20.8767 |    0.190603
 162.571685809228 |    -0.085485424168457 |  20.4419 |   0.0406055 |  19.2991 |   0.0186658 |  18.7687 |    0.023166 |  18.5735 |    0.025868 |  18.5183 |   0.0369086
 162.518476696399 |   0.00533836962354706 |  24.2974 |    0.971369 |  24.6093 |    0.484689 |  22.6425 |    0.179136 |  22.3363 |    0.185917 |  21.8175 |    0.453739
 162.555286419467 |   -0.0638690214481624 |  24.0723 |    0.571245 |  22.9028 |    0.134787 |  21.4202 |   0.0649408 |  20.3241 |   0.0389668 |  19.6945 |   0.0747863
 162.474647093569 |   -0.0835235720346366 |  24.0839 |    0.578957 |  25.1797 |    0.497433 |  22.3191 |    0.188266 |  21.5841 |    0.120336 |  20.6013 |    0.156144
 162.450689308488 |    0.0801993794203149 |  25.8525 |    0.603551 |  23.4498 |    0.218952 |  22.5832 |    0.173056 |  22.1678 |    0.161509 |  21.5268 |    0.366979
 162.529427336819 |   -0.0618444213004716 |  22.0872 |    0.136101 |  19.6328 |   0.0194184 |   18.448 |   0.0229992 |   17.954 |   0.0251365 |  17.6525 |     0.02865
 162.592946497895 |  -0.00678966634006836 |  21.9484 |    0.124779 |  20.9474 |   0.0303449 |  20.4823 |   0.0348976 |  20.3522 |   0.0398863 |  20.3136 |    0.119613
 162.470722326348 |   -0.0578513494939761 |  18.9587 |    0.190309 |  17.6259 |    0.182324 |  17.2016 |    0.192894 |  17.0509 |    0.177685 |  17.0095 |    0.243625
 162.516081820763 |    -0.015384376300218 |  24.4251 |    0.627985 |  22.9891 |    0.164361 |  21.6636 |   0.0789399 |  20.8439 |   0.0535376 |  20.1841 |    0.107147
 162.573694208356 |    0.0283913192874246 |  25.3942 |    0.791385 |  23.2157 |    0.363715 |  24.5896 |    0.634011 |  24.2555 |    0.597031 |  23.7481 |    0.470515
 162.539678726452 |   -0.0915197910376025 |  25.1227 |    0.574544 |  25.2981 |    0.495403 |  23.8619 |     0.51963 |  22.4104 |    0.198903 |  21.9015 |    0.472497
   162.5565548239 |   -0.0962552647382109 |  22.1702 |    0.145861 |  22.1337 |   0.0720425 |  21.9972 |    0.104391 |  21.8927 |    0.117336 |  21.2729 |    0.275663
 162.629539984536 |   -0.0762785601722801 |  24.0694 |    0.559271 |   23.215 |    0.172791 |  23.1454 |    0.261952 |  22.2712 |    0.163937 |  21.5345 |    0.341807
 162.579549794673 |  -0.00874025331180815 |  24.2173 |    0.612477 |  25.5735 |     0.44259 |  23.4052 |    0.331983 |   22.304 |    0.169271 |  21.5976 |    0.338181
 162.559181587904 |    -0.090871030459308 |  16.7249 |   0.0101497 |  15.3468 |   0.0164055 |  14.8777 |   0.0217989 |  14.7381 |   0.0244839 |  14.6951 |   0.0249814
 162.577619410706 |    0.0137894582263815 |  18.9492 |   0.0285729 |  17.7959 |   0.0210617 |  17.2463 |   0.0161739 |  16.9866 |   0.0187155 |  16.8361 |    0.019406
 162.545869188166 |   -0.0955723837601894 |  24.0758 |    0.572147 |  24.9552 |    0.571556 |  23.0557 |    0.609775 |  22.4503 |    0.209194 |  21.9324 |    0.511191
 162.489116641928 |     -0.05462129534615 |  24.3231 |    0.613897 |  22.0455 |   0.0664298 |  20.6117 |    0.037989 |  19.7969 |   0.0318055 |  19.2512 |   0.0539555
 162.451119889949 |    0.0409000913219098 |  25.3532 |    0.835873 |  24.4396 |    0.436984 |  25.1648 |    0.618043 |  21.8102 |    0.118295 |  23.1693 |    0.623386
 162.549076935302 |     -0.10800650407593 |  23.9688 |     1.15559 |  25.9592 |    0.377111 |  24.4375 |    0.626749 |   25.346 |    0.376601 |  20.3799 |     0.19615
 162.627250534425 |   -0.0908104735274956 |  21.8163 |     0.10853 |   21.623 |   0.0479414 |  21.3626 |   0.0592249 |  21.2016 |   0.0659651 |  21.5565 |    0.349064
 162.616821051299 |    -0.107954515241795 |  22.3407 |    0.207269 |  22.2685 |   0.0892575 |  21.9033 |    0.103355 |  21.5581 |   0.0970877 |  21.8252 |    0.431872
 162.528890061497 |   -0.0246727564182044 |  24.8423 |    0.623783 |  22.9379 |    0.136863 |  22.4438 |    0.202361 |  21.9312 |    0.204298 |  22.7495 |     0.57277
 162.631067259705 |    -0.109649329339025 |  23.5716 |    0.427116 |  21.2389 |   0.0368297 |  19.9183 |   0.0254331 |  19.2916 |   0.0199944 |  19.0938 |   0.0453273
 162.572821598453 |    0.0817786622350968 |  24.3118 |     1.00051 |  23.3712 |    0.244974 |   22.774 |    0.204447 |  22.6158 |    0.243416 |  22.7203 |     0.64308
 162.479865947362 |   -0.0192733800261311 |  22.8594 |    0.249508 |  21.5207 |   0.0446161 |  21.1848 |   0.0551487 |   21.246 |   0.0715774 |  20.9738 |    0.207748
 162.524464292082 |    0.0503971223035713 |  24.0658 |    0.889861 |  20.8037 |   0.0331809 |  19.3469 |   0.0203867 |  18.5078 |   0.0204633 |  18.0001 |   0.0263881
 162.578605344049 |   0.00180522261901274 |  23.2264 |    0.934915 |  22.4507 |   0.0986426 |  22.5906 |    0.169689 |  22.1493 |    0.158305 |   21.941 |    0.496539
 162.482826623907 |   -0.0695994988580521 |   25.012 |    0.595791 |  23.5275 |    0.225014 |   22.999 |    0.244872 |   21.912 |    0.122342 |  21.0253 |    0.219595
 162.624750889073 |   -0.0092817923289188 |  19.8606 |   0.0289693 |   18.066 |   0.0158912 |   17.409 |    0.018774 |  17.1376 |   0.0148729 |  17.0264 |   0.0140992
 162.625440853675 |    -0.053714247558863 |  24.4771 |    0.623801 |  22.2731 |   0.0787867 |  21.2445 |   0.0540161 |  20.8213 |   0.0485181 |  20.5477 |     0.15026
  162.49893810694 |    0.0142040729862384 |  24.1697 |    0.719764 |  23.1273 |    0.359761 |  25.2997 |     0.58806 |  24.7305 |    0.566451 |  22.1729 |    0.556569
 162.642101632248 |   -0.0278145576395904 |  24.5167 |    0.620861 |  22.9496 |    0.137041 |  21.6405 |   0.0728478 |  20.2484 |   0.0320876 |  19.6349 |   0.0688308
 162.598491859488 |   -0.0856509890170449 |  24.4181 |    0.630936 |   25.625 |    0.450279 |  22.7797 |    0.200509 |  23.6348 |    0.447611 |  23.2948 |    0.548225
 162.525591011199 |    0.0509198072707669 |  24.4647 |     1.50663 |  24.0119 |     1.31796 |  22.1644 |    0.667142 |  21.6212 |    0.834894 |   21.484 |     1.77966
 162.477234002597 |   -0.0155629595091846 |  22.1344 |    0.138563 |  20.7064 |   0.0266079 |  20.1103 |   0.0302059 |  19.8776 |   0.0327231 |  19.7285 |   0.0750879
 162.630557008806 |   -0.0957126402489098 |  24.2898 |    0.603582 |  23.6022 |    0.237307 |  22.2034 |    0.142377 |  21.9095 |    0.120156 |  21.9654 |    0.461941
 162.544229340048 |   -0.0950180772911361 |  23.2335 |    0.344591 |  20.5188 |    0.025836 |  19.1153 |   0.0241751 |  18.1773 |   0.0254033 |  17.6551 |   0.0287696
   162.6271359108 |   -0.0269582352647994 |   25.296 |    0.517134 |  22.0199 |   0.0639859 |  21.0135 |   0.0455253 |   20.687 |   0.0435744 |  20.3427 |    0.125152
   162.5778241796 |    0.0471897533507173 |  22.9775 |    0.432494 |  23.8919 |      0.3116 |  22.2422 |    0.126804 |   20.894 |   0.0558784 |  20.0964 |    0.111206
 162.623231115635 |   -0.0596497282850845 |  24.7754 |    0.620995 |  23.1546 |    0.164057 |  21.9169 |   0.0926858 |  21.0748 |   0.0593231 |  20.7761 |    0.182994
 162.615066519638 |   -0.0201984809015055 |  24.5573 |    0.656323 |  24.0588 |     0.32827 |  22.6204 |    0.171919 |  21.9021 |    0.119635 |   21.523 |    0.327503
 162.514229188851 |   -0.0452186008177371 |  24.4222 |    0.628227 |  23.6935 |    0.255194 |   22.587 |    0.171991 |  21.5468 |   0.0896846 |   20.687 |    0.164948
 162.483742361767 |    0.0234209673124889 |  23.2567 |    0.529085 |  23.2693 |    0.196443 |  22.6742 |    0.185452 |  22.1047 |    0.152763 |  22.1697 |    0.553181
 162.642300757798 |   -0.0816936270959289 |   23.529 |    0.412823 |  23.0203 |    0.146664 |  21.7633 |   0.0808462 |  20.5058 |   0.0386588 |  19.8766 |   0.0855697
 162.525917155509 |   0.00999427405912922 |    21.86 |    0.279933 |  24.1561 |    0.381369 |  25.7659 |    0.452767 |  24.9198 |    0.526707 |  23.4797 |    0.552591
 162.456015369571 |    0.0840674320983138 |  23.9736 |    0.886813 |  26.1025 |    0.351201 |  22.6609 |    0.432402 |   24.808 |    0.553225 |  23.1508 |     0.62417
 162.562468440853 |    0.0789511797908688 |  23.0177 |    0.440585 |  20.6462 |   0.0307323 |  19.2554 |   0.0196162 |  18.1205 |   0.0195787 |  17.5046 |   0.0220622
  162.50377484019 |   -0.0902701385403549 |  23.3473 |    0.371328 |  21.5815 |   0.0501883 |  20.1555 |   0.0306803 |  19.3814 |   0.0285779 |  18.9145 |   0.0444525
  162.47349960402 |    0.0631335822958817 |  23.6975 |    0.750601 |  20.1432 |    0.024188 |  18.7576 |   0.0141221 |   17.714 |   0.0173734 |  17.1136 |   0.0228146
 162.622896952783 |   -0.0219745018799627 |  24.4165 |    0.618547 |  23.6643 |    0.245387 |  22.4056 |    0.139838 |  20.9777 |   0.0545002 |   20.338 |    0.124241
 162.471801777952 |   -0.0761859938077647 |  22.8524 |    0.252913 |  22.5015 |    0.096277 |  22.4496 |    0.153391 |  22.4187 |    0.188566 |  21.8193 |    0.401633
 162.558320131259 |    -0.024694060151818 |  24.4159 |    0.633841 |  25.2731 |    0.520532 |  25.0181 |    0.715667 |   22.593 |    0.363299 |  23.2284 |     0.53718
 162.523929888695 |    0.0311858197617557 |  23.2814 |    0.547336 |  21.8723 |   0.0631546 |   20.869 |   0.0421233 |  20.5367 |   0.0432395 |  20.2666 |    0.128877
 162.537704853867 |    0.0898262506572117 |   23.226 |      0.5212 |  20.8452 |    0.033473 |  19.5128 |   0.0210652 |  18.0766 |   0.0195209 |   17.293 |   0.0209435
 162.478921564024 |    -0.032900379592427 |  25.6655 |    0.411558 |  24.6211 |    0.533081 |  24.6455 |    0.699399 |  22.5327 |    0.279293 |  22.9529 |    0.574241
 162.610729409906 |    0.0177160708220723 |   22.823 |    0.386766 |  21.2705 |   0.0419235 |   19.868 |   0.0236904 |  18.8068 |   0.0211464 |  18.1674 |   0.0286226
 162.546220258748 |   -0.0170424593806657 |  24.3664 |    0.628038 |  24.2445 |    0.370057 |  23.2752 |    0.302942 |  21.8158 |    0.112353 |  20.8295 |      0.1836
 162.494240499776 |   0.00131125837129886 |  25.5031 |    0.732282 |  23.2059 |    0.188241 |  22.5859 |    0.170952 |  21.7832 |    0.115956 |  21.5121 |    0.364925
 162.519982251223 |    0.0130721345227762 |   24.722 |     1.00288 |  24.6359 |    0.488258 |  23.5192 |    0.367757 |  22.2134 |    0.167657 |  21.3242 |    0.315574
 162.616519052288 |    0.0710765371903501 |  26.0647 |    0.479685 |   22.025 |   0.0694214 |   20.677 |   0.0369931 |  20.1202 |   0.0332445 |  19.7528 |   0.0832729
 162.460938662849 |    0.0214707335126524 |  22.6979 |    0.349978 |  21.0663 |   0.0362424 |  20.4338 |   0.0297019 |  20.1395 |   0.0319168 |  19.8809 |   0.0940213
 162.643827481746 |    -0.105786440780009 |  25.0914 |     0.57086 |  24.9333 |    0.487599 |  23.0755 |    0.246157 |   22.302 |    0.169323 |  21.0648 |    0.238054
 162.503878177429 |    0.0108555892298067 |  19.0992 |   0.0299495 |  18.0098 |   0.0211683 |  17.5262 |   0.0163405 |  17.3721 |    0.018905 |  17.3212 |    0.021187
 162.451789915303 |  -0.00940904445135549 |  24.3732 |    0.312816 |   24.928 |    0.494808 |   23.857 |     0.46745 |  22.3427 |    0.183597 |  21.5928 |    0.344313
 162.628224927017 |    0.0661855912783046 |   25.647 |    0.664527 |  23.2532 |    0.187261 |  22.7384 |    0.193424 |  22.5382 |    0.219463 |  22.1774 |    0.549685
 162.494968361834 |    0.0142782015714483 |  25.8536 |    0.569006 |  22.9534 |     1.20545 |  23.8971 |    0.688457 |  23.0238 |    0.326634 |   22.804 |    0.656734
 162.534508782234 |    0.0173477967992468 |  26.3727 |    0.373841 |  23.2231 |    0.429837 |  23.6716 |    0.410068 |  23.1951 |    0.370508 |  21.5412 |    0.373217
 162.615887720571 |    0.0786855903675112 |  23.5122 |    0.638767 |  22.7507 |    0.123748 |   22.547 |    0.165018 |  22.0038 |    0.139194 |  21.3781 |    0.322096
 162.569692217923 |    0.0150294319165158 |  19.4268 |   0.0347283 |  16.7896 |    0.020812 |  15.5783 |   0.0162463 |  15.0481 |   0.0193277 |  14.7466 |   0.0174342
 162.514956408793 |     0.033773138499879 |  23.4038 |    0.536031 |  23.0786 |    0.166294 |  21.6624 |   0.0791925 |  20.4105 |   0.0401531 |   19.668 |   0.0781093
 162.575916867661 |     0.014293941619456 |   24.874 |    0.992137 |  23.3966 |    0.997906 |  24.3752 |    0.612429 |  24.9784 |    0.557918 |  23.5336 |    0.539975
 162.543388654368 |    0.0365480046020332 |  24.9298 |    0.960826 |  20.6495 |   0.0309176 |  19.2331 |   0.0194866 |  18.2231 |   0.0197353 |  17.6476 |   0.0231208
  162.63424209076 |    0.0338782053062575 |  22.1225 |    0.201572 |  21.8086 |   0.0599336 |  21.2928 |   0.0576277 |  21.1171 |    0.065377 |  20.5475 |    0.195999
 162.621068467124 |  -0.00376872662392395 |  20.4951 |   0.0420257 |  18.9812 |   0.0169209 |  18.3672 |   0.0194295 |  18.0502 |   0.0156402 |  17.9482 |    0.020427
 162.628797778759 |    0.0143370804985444 |  24.2723 |    0.968564 |  22.9274 |     1.60498 |  23.8822 |    0.526467 |  24.5392 |    0.591673 |  23.5928 |      0.5262
 162.496970174498 |   -0.0945641243869482 |  23.5127 |    0.418027 |  23.1007 |    0.159417 |  22.8778 |    0.222116 |  22.6668 |    0.283801 |  21.4487 |    0.311475
 162.504292056134 |     0.078002760431955 |  23.7795 |    0.767054 |  22.3363 |    0.123577 |  20.6014 |    0.035422 |  18.8107 |   0.0211635 |  17.8122 |   0.0243596
 162.451536409083 |   -0.0120582420508714 |   24.521 |    0.479249 |  24.5107 |    0.438033 |   22.729 |    0.196898 |  22.8259 |      0.2735 |  21.8816 |    0.429448
  162.55956742798 |    0.0840672783953274 |   24.471 |     0.97976 |  24.6857 |    0.483667 |  22.1985 |    0.319964 |  24.2649 |    0.596739 |   24.101 |    0.358476
  162.55130950296 |   -0.0876269675514939 |  20.6077 |   0.0452587 |  19.6375 |   0.0195496 |  19.2835 |    0.024503 |  19.2212 |   0.0277192 |  19.1031 |    0.049995
  162.58849096234 |    0.0240773473255336 |  25.3658 |    0.805378 |  25.1968 |     0.52135 |  23.8906 |    0.471882 |   24.332 |    0.599232 |  20.2557 |    0.329034
 162.457641369115 |   -0.0368982740038742 |  23.4396 |    0.391323 |  24.4731 |    0.427503 |  23.0469 |    0.251813 |  22.2739 |    0.168982 |  21.4747 |    0.311606
 162.460790210587 |    0.0200673149172551 |  23.9953 |     0.87599 |  23.6548 |    0.223642 |  23.0333 |    0.251444 |  22.2347 |    0.382019 |  23.0531 |    0.641829
 162.569056320958 |    0.0161979746828426 |  21.5817 |    0.153894 |  18.9909 |    0.148296 |  17.4825 |    0.171794 |  16.6272 |    0.130209 |  16.1603 |    0.108134
  162.56001782508 |    0.0153087453196723 |    24.99 |    0.959473 |  23.6841 |    0.270198 |  22.6838 |    0.184787 |  21.9344 |    0.132019 |   21.066 |    0.256811
 162.497268564858 |  -0.00947789883112438 |  24.4775 |    0.626089 |  23.0218 |    0.145965 |  21.2556 |   0.0578907 |  20.0469 |    0.034859 |  19.4307 |   0.0601478
 162.576850640823 |    0.0440161437669963 |  20.2915 |   0.0547442 |  20.3124 |    0.027261 |  20.1372 |   0.0268741 |  20.1093 |   0.0330875 |  20.3609 |     0.13938
 162.452538407265 |   -0.0414427708846758 |  22.6085 |    0.276531 |  25.5917 |    0.453263 |  24.3029 |    0.586854 |  24.6873 |    0.551008 |  21.8348 |    0.402252
 162.477643056404 |    0.0143323862004813 |  24.1689 |    0.939451 |  23.2012 |     1.02371 |  24.4493 |    0.503688 |  25.0738 |    0.486993 |    23.02 |    0.647187
  162.50963311867 |   -0.0315327290254361 |  23.1832 |    0.327533 |  21.7412 |   0.0538459 |  21.5455 |   0.0758546 |  21.4235 |   0.0904998 |  20.9396 |    0.208945
 162.477652475216 |     0.038718337215451 |  22.8819 |    0.407922 |  22.4066 |   0.0939993 |  21.7967 |   0.0869118 |  21.5615 |   0.0955449 |  21.4457 |    0.345533
 162.542649165413 |   0.00509409082496332 |    23.29 |      0.5619 |  23.1756 |    0.180604 |  21.8372 |   0.0896176 |  21.2219 |   0.0725458 |  20.9424 |     0.23174
 162.504332192259 |   0.00665005611677936 |  24.2438 |    0.947123 |  22.1777 |   0.0806135 |  20.6787 |    0.036956 |   19.371 |   0.0241184 |  18.6896 |   0.0381608
  162.51546487147 |    0.0687578663395914 |  24.2919 |    0.957276 |  22.2491 |   0.0834301 |  20.8832 |   0.0427607 |   19.869 |   0.0292393 |  19.3309 |   0.0593086
 162.632854758869 |    0.0554923434432918 |  25.8081 |    0.861629 |   21.627 |   0.0530111 |  20.2744 |   0.0293722 |  18.8857 |   0.0174415 |  18.1123 |   0.0262376
 162.496504239159 |  -0.00530155660594687 |  24.8629 |    0.612589 |  24.6405 |    0.447727 |  22.8433 |    0.215587 |  22.2163 |    0.158668 |  21.7027 |    0.363313
 162.509372136302 |   -0.0807611693471451 |   24.423 |    0.630543 |  23.8197 |    0.283056 |  22.3664 |      0.1431 |  20.9941 |   0.0587928 |  20.3228 |    0.123233
 162.549916495171 |   -0.0298389869214678 |   24.084 |     0.57495 |   24.478 |    0.422571 |  22.8487 |    0.213141 |  22.2917 |      0.1661 |  21.5563 |    0.331728
 162.522232657485 |   -0.0975223341406211 |  23.9698 |    0.566415 |  25.0378 |    0.558609 |  23.5376 |    0.423536 |  22.4329 |    0.195783 |  21.6893 |    0.384702
 162.486815505131 |    0.0302993301351628 |  24.1045 |    0.890825 |  25.2373 |    0.527871 |    23.39 |    0.330608 |  22.1199 |    0.154633 |  21.1639 |     0.27517
 162.457793442067 |   -0.0742519667987658 |   24.983 |    0.598826 |  24.9012 |    0.490808 |  24.0189 |    0.511189 |  22.1296 |    0.148373 |  22.1875 |    0.492714
 162.478213106669 |     0.052085890912346 |  25.6649 |    0.681483 |  24.2504 |     0.39554 |  22.6752 |    0.185909 |   21.708 |    0.108169 |  21.1939 |    0.282289
 162.608582493898 |   -0.0649461240346134 |  24.4832 |    0.640145 |  23.8342 |    0.286641 |  22.8338 |    0.208154 |  22.4521 |    0.189263 |  21.8787 |    0.429406
 162.565557544095 |  -0.00497743745397621 |  24.1491 |    0.595303 |  24.5104 |    0.421726 |  22.9339 |    0.227061 |  21.6474 |   0.0983031 |  21.0012 |     0.21023
 162.644350161566 |    0.0352183773192084 |  18.4213 |    0.025612 |  17.5567 |   0.0228072 |   17.273 |   0.0170201 |  17.1588 |   0.0142822 |  17.1173 |   0.0181082
 162.447446228569 |    0.0777751881347097 |   20.387 |   0.0593747 |  18.4478 |   0.0189338 |  17.6169 |   0.0121572 |   17.281 |   0.0170688 |  17.1073 |   0.0228039
 162.646073196282 |    0.0674897112443062 |  24.0748 |    0.883354 |  25.3598 |    0.499765 |  25.4375 |    0.544854 |  24.3279 |    0.599452 |  20.6176 |     1.04936
 162.479132570294 |    0.0321979301956129 |  26.4873 |    0.342907 |  26.1423 |    0.801693 |  24.4366 |    0.618987 |  21.7956 |     0.11666 |  20.0177 |    0.105116
 162.516385211385 |    0.0167095794161773 |  24.6199 |     1.00431 |  23.8207 |    0.302803 |  22.3762 |     0.14273 |  21.8699 |    0.124953 |  21.4146 |    0.338315
 162.545878137513 |     0.032667232693739 |  17.4301 |    0.020083 |  16.0803 |   0.0206856 |    15.58 |   0.0158814 |  15.3942 |   0.0184625 |  15.3271 |   0.0174829
 162.565652983796 |   -0.0286153634266351 |  24.3769 |    0.630417 |   24.681 |    0.458631 |  23.7871 |    0.441912 |  22.3563 |    0.261574 |  22.8775 |    0.577689
  162.61973394361 |   -0.0620838005631709 |  24.5229 |    0.627145 |  20.6152 |   0.0259305 |  19.2153 |   0.0212632 |  18.3713 |    0.016211 |  17.9546 |   0.0207276
 162.605693214566 |    0.0866853871200947 |  22.9944 |    0.431485 |  20.5432 |   0.0294894 |  19.2717 |   0.0196746 |  18.7962 |   0.0211049 |  18.5005 |   0.0335363
 162.532746706854 |   -0.0931722518286202 |   16.674 |   0.0100854 |  15.1163 |   0.0163957 |  14.5844 |   0.0217919 |  14.4498 |   0.0244782 |  14.3739 |   0.0249407
 162.585437064098 |  0.000460324642301435 |  21.7955 |     0.32976 |  25.1473 |    0.526059 |  24.0946 |    0.527848 |  23.7288 |    0.511606 |  23.1076 |    0.644803
 162.616600758363 |    0.0473044038606184 |  22.9272 |    0.415718 |  22.8749 |    0.137554 |  21.6681 |    0.077627 |  20.9827 |   0.0597862 |  20.7902 |    0.201369
 162.532978356137 |   -0.0345553435273089 |  16.4468 |  0.00977192 |  15.0236 |   0.0163946 |  14.5454 |   0.0217923 |  14.4306 |    0.024494 |  14.3548 |   0.0249358
 162.602299001723 |   -0.0934675496951238 |   21.234 |   0.0702074 |  20.1846 |   0.0227107 |  19.8349 |   0.0273813 |  19.7507 |   0.0311708 |  19.6228 |   0.0724462
 162.447944557988 |    0.0722897602229794 |   24.366 |       1.192 |  23.5354 |    0.302298 |  22.1659 |    0.175959 |  21.0641 |   0.0956728 |  20.1487 |    0.129186
 162.637557196854 |  -0.00968962129011779 |  24.5595 |    0.623944 |  22.9143 |    0.132186 |  21.4331 |   0.0617493 |  20.1477 |   0.0300375 |  19.4598 |   0.0591377
  162.62187123997 |    0.0229944270746466 |  21.4889 |     0.12929 |  19.0897 |   0.0222033 |  17.8055 |    0.016513 |    17.18 |   0.0187935 |  16.8226 |   0.0193619
 162.532497628669 |   -0.0460610697333724 |  21.0721 |   0.0624947 |  19.9581 |   0.0211393 |  19.6646 |   0.0262809 |  19.6247 |   0.0308408 |  19.5368 |   0.0659669
  162.62122228748 |    0.0894514951213604 |  22.7603 |     1.01923 |  20.4495 |   0.0285218 |  19.0931 |   0.0189144 |  18.4486 |   0.0201448 |  18.0504 |   0.0267226
 162.636845566613 |   -0.0047321848422406 |  23.9314 |    0.522262 |  23.9981 |    0.311583 |  23.5639 |    0.359527 |  22.4315 |    0.185296 |  22.8318 |    0.593509
 162.619438031433 |   -0.0907580008958015 |  22.5401 |    0.194323 |   20.826 |   0.0279966 |  20.0485 |    0.026753 |  19.8112 |    0.024948 |  19.6559 |   0.0709609
 162.469426559568 |    0.0483112169209368 |  23.2637 |    0.618429 |  23.1035 |    0.212405 |  22.5145 |    0.201735 |  21.6283 |    0.113109 |  21.6817 |    0.430411
 162.532422117907 |   -0.0271519107106956 |  25.1839 |    0.557828 |  25.6005 |    0.444355 |  25.2058 |    0.607939 |  24.2644 |    0.555491 |  20.9096 |    0.475626
 162.448527951097 |    0.0286762836601054 |  25.5548 |    0.733707 |  22.9471 |    0.147206 |  21.5288 |   0.0691031 |  20.2918 |   0.0359476 |  19.6424 |   0.0774041
 162.606707515199 |   0.00513131959767542 |  24.8179 |     1.01146 |  22.4945 |    0.101636 |  21.0753 |   0.0483461 |  20.0888 |   0.0327136 |  19.4275 |   0.0655948
 162.633597973196 |     0.053561636545737 |  25.4553 |    0.776749 |  21.6524 |   0.0539476 |  20.2903 |   0.0296643 |  19.1864 |   0.0191854 |  18.6355 |   0.0358283
 162.514246496902 |    0.0186394473986563 |  24.1129 |    0.904946 |  24.1951 |    0.391231 |  23.1148 |    0.267581 |  22.2732 |    0.176438 |  22.2292 |    0.571442
 162.632163463536 |    0.0644512628192534 |  21.8038 |    0.166122 |  20.8556 |   0.0346953 |  20.5233 |   0.0337631 |  20.3265 |   0.0357331 |  20.0858 |    0.110523
 162.507409903716 |    0.0317543720622117 |  23.5641 |    0.667801 |  23.2453 |    0.191154 |  24.9336 |    0.646534 |  24.2218 |    0.595103 |  22.9633 |    0.647082
 162.617919243084 |    0.0600517779555571 |   24.329 |    0.965265 |  23.9282 |     0.31845 |  23.3216 |    0.313922 |  22.2763 |    0.175775 |  22.2899 |    0.578718
 162.452003872238 |    0.0554799343840612 |  24.1766 |     1.06734 |  24.0015 |    0.335306 |  22.1489 |     0.11805 |  20.4569 |   0.0401648 |  19.6135 |   0.0755696
 162.546772061441 |    0.0860432226089838 |  20.6322 |    0.067714 |  20.4593 |   0.0287236 |  20.3627 |   0.0305684 |  20.2675 |   0.0362919 |  20.0556 |    0.106228
 162.637019046218 |    -0.038055448079526 |  24.7534 |    0.620375 |  24.7156 |    0.459724 |  22.8546 |    0.203891 |  22.1239 |    0.143613 |  22.7169 |    0.290903
 162.467958656027 |    0.0404384257895927 |  21.4667 |    0.128027 |  20.6676 |   0.0294002 |  20.4912 |   0.0310643 |  20.3541 |    0.037452 |  20.4163 |    0.147197
 162.531718991706 |   -0.0148986745000733 |  23.3032 |    0.368405 |  20.7673 |    0.028325 |  19.2397 |   0.0243156 |  17.6266 |   0.0249199 |  16.7452 |   0.0260515
 162.596263313789 |    0.0647740074145335 |  22.8699 |    0.392256 |  23.4795 |    0.226361 |  22.8392 |    0.211453 |  21.8206 |    0.119251 |  21.5087 |    0.357849
 162.611762498641 |   -0.0869237530528699 |  23.9327 |    0.534999 |  21.4047 |   0.0419933 |  19.9958 |   0.0286882 |  18.9665 |   0.0268116 |  18.4252 |   0.0357144
 162.496748240261 |    0.0719181135154376 |  20.8069 |   0.0770645 |  19.8177 |   0.0244367 |  19.5072 |   0.0210291 |  19.4233 |    0.024497 |  19.4309 |   0.0642061
 162.620666439761 |    0.0810188463952021 |  25.0914 |     0.90006 |  24.0708 |    0.349198 |  22.8268 |    0.209615 |  24.4031 |    0.595575 |  22.8676 |    0.642981
 162.468538541763 |    0.0433725184464746 |  25.4702 |    0.775056 |  23.2263 |    0.206445 |  22.4552 |    0.153583 |  21.8836 |    0.125884 |  22.3787 |    0.605383
 162.636436822854 |    0.0753823816439828 |  24.5136 |    0.995444 |  21.7127 |   0.0558567 |  20.3044 |     0.02984 |   19.131 |   0.0190184 |  18.4385 |   0.0313264
 162.584796165197 |     0.072898742923423 |  25.2631 |    0.830987 |  23.3188 |    0.198455 |  24.6403 |    0.642652 |  23.3885 |    0.421812 |  23.0907 |    0.624658
  162.45335753512 |    0.0474299875497254 |  23.6807 |    0.749742 |  23.6864 |    0.266228 |  22.8364 |    0.213307 |  21.6257 |     0.10101 |   21.583 |    0.383573
 162.527670242064 |    0.0202724373975308 |  24.1796 |    0.929796 |  23.0823 |     0.16725 |  22.7567 |    0.197556 |  22.2834 |     1.03968 |  22.9002 |    0.654819
 162.507466416465 |    0.0599651622903876 |  25.6894 |    0.651255 |  23.4939 |    0.231789 |  22.2026 |    0.123853 |  21.3187 |   0.0782617 |  20.7653 |    0.195766
 162.584065351638 |      0.03996601939049 |  25.1987 |    0.871557 |  24.7496 |    0.494596 |  23.4287 |    0.379543 |  22.1394 |    0.163596 |   23.017 |    0.642404
 162.448750599489 |    0.0402758272379086 |  23.7589 |    0.784361 |  24.6087 |    0.470944 |  22.4683 |    0.155227 |  21.5342 |   0.0935204 |  21.7833 |    0.442305
 162.521875095836 |    0.0868262938507187 |  24.3353 |    0.967903 |  24.8653 |    0.554511 |  22.3394 |    0.152265 |  21.4605 |    0.107075 |  20.6757 |    0.191717
 162.510508434171 |   -0.0422869422569866 |  25.0819 |    0.586294 |  24.7129 |    0.465297 |  22.6996 |    0.319818 |   24.195 |    0.548312 |  23.0423 |    0.566749
 162.513043012173 |   -0.0630746772178741 |  18.5331 |   0.0155835 |  16.9459 |   0.0165722 |  16.3653 |   0.0218811 |  16.1848 |   0.0245713 |   16.082 |   0.0254565
 162.582664109275 |   -0.0312844181910355 |  24.2216 |    0.609488 |  23.9572 |    0.308809 |  22.6271 |    0.174957 |  21.4061 |   0.0798009 |   20.943 |    0.205433
 162.454655824789 |   -0.0549601321437497 |  21.0713 |   0.0654327 |  20.8153 |   0.0298005 |  20.7241 |   0.0381699 |  20.2168 |    0.034188 |  20.0307 |     1.07335
 162.590512342424 |   -0.0916701091904808 |  21.9263 |    0.119754 |  21.6767 |   0.0508803 |  21.3033 |   0.0593395 |  21.1593 |    0.065684 |  21.0933 |    0.240206
 162.582553747903 |    0.0252753471841361 |   21.879 |    0.345586 |  24.4205 |    0.436514 |  23.7944 |    0.443938 |  24.4091 |    0.598732 |  21.8653 |    0.467553
 162.513057901998 |   -0.0302684572573158 |  24.4896 |    0.631582 |   23.336 |    0.191035 |  23.4281 |    0.345423 |  23.6778 |     0.27357 |  22.1892 |    0.491604
 162.499193534332 |   -0.0432604952955181 |  17.2571 |   0.0110178 |  15.8633 |   0.0164354 |  15.3486 |   0.0218098 |  15.1929 |   0.0245008 |  15.1288 |   0.0250534
 162.449419021439 |   -0.0235016531389882 |  23.8917 |    0.515172 |  21.3449 |   0.0404969 |  20.0052 |   0.0260249 |  18.9081 |   0.0214263 |  18.3863 |   0.0291151
 162.583096341726 |    0.0578686790246195 |  24.5146 |    0.992747 |  23.2071 |    0.181922 |  22.2473 |     0.12742 |  21.6276 |    0.101219 |  21.5168 |    0.360641
 162.518222928113 |   -0.0756227844737681 |  24.0322 |    0.559967 |  22.2027 |    0.075644 |  21.9233 |   0.0980916 |  21.5383 |   0.0886413 |  21.1367 |    0.242729
  162.45552937943 |   -0.0546839854357546 |  25.1135 |    0.569453 |  23.6613 |     0.25134 |  23.4894 |     0.35853 |  22.3708 |    0.357219 |  22.5485 |    0.322762
 162.574353718236 |   -0.0207883267731151 |  16.2492 |  0.00976068 |  15.1916 |   0.0164001 |  14.8801 |   0.0217988 |  14.7345 |   0.0244844 |  14.7826 |   0.0249899
 162.512217320069 |    0.0157630902265456 |  20.9106 |   0.0829893 |  18.2289 |   0.0212726 |  16.9889 |   0.0160999 |  16.4951 |   0.0185984 |  16.2251 |   0.0182159
 162.449088101139 |   -0.0352058675327367 |   23.877 |    0.512861 |  23.2684 |      0.1835 |  23.1599 |    0.276539 |  23.6533 |    0.329302 |  23.0091 |    0.568088
  162.50971835747 |    0.0647103243547413 |  24.1869 |    0.929439 |   23.626 |    0.256794 |  22.6119 |    0.176079 |  22.8932 |     0.29381 |  22.7472 |    0.646185
 162.499043249454 |    -0.011974577155757 |  20.7289 |   0.0485423 |  19.6047 |   0.0194985 |  19.1137 |   0.0239633 |  18.9685 |   0.0268864 |  18.8798 |   0.0428359
 162.449761845048 |   -0.0509759443613192 |    24.04 |      0.5561 |   24.487 |    0.435625 |  24.8493 |     0.64697 |  22.2801 |     0.17005 |  22.4691 |    0.547801
 162.510529256167 |    0.0355985635579596 |   24.741 |    0.993829 |  23.3406 |    0.205957 |  22.4176 |    0.148524 |  22.2004 |    0.165492 |  23.1299 |    0.626638
 162.589969423357 |   -0.0606348795711593 |  24.6458 |    0.643074 |  23.1654 |    0.167877 |  21.7467 |   0.0834015 |  20.1672 |   0.0362618 |  19.4923 |   0.0647899
 162.455161286245 |   -0.0430203823991721 |  23.8881 |    0.517408 |  22.5528 |    0.100977 |  22.0402 |    0.106329 |   21.796 |    0.112286 |  21.2764 |    0.266586
 162.512739058071 |    0.0142338016666813 |  23.6901 |    0.727827 |  22.9834 |    0.541049 |  25.6706 |    0.721016 |  24.6869 |    0.616037 |  23.2775 |    0.609547
 162.573826221589 |   -0.0806832398521325 |  24.3955 |     0.62873 |  22.7155 |    0.116025 |  21.4368 |   0.0657906 |  20.8452 |   0.0514274 |  20.5616 |    0.153354
 162.499214392644 |  -0.00182777533476299 |  21.4293 |   0.0802232 |  18.6238 |   0.0174374 |  17.1443 |   0.0219967 |  16.2496 |   0.0245728 |  15.7613 |   0.0252455
 162.508045287682 |    -0.103408221680863 |  18.4757 |   0.0153005 |  17.4719 |     0.01671 |  17.0965 |   0.0219872 |  16.9737 |   0.0246914 |  16.8868 |    0.026338
 162.594133265342 |    -0.097442626956325 |  17.2883 |    0.011099 |  15.6909 |   0.0164255 |  15.1102 |   0.0218031 |  14.9332 |   0.0244892 |  14.8715 |   0.0250118
 162.587238118139 |    0.0117536917007633 |   20.843 |    0.080275 |  20.1562 |   0.0263336 |  19.7621 |   0.0227466 |  19.6057 |   0.0261302 |  19.4369 |   0.0658687
 162.492908627423 |    0.0398247767050717 |  18.8012 |   0.0269526 |  17.6591 |   0.0209966 |  17.1891 |   0.0161858 |  17.0122 |   0.0187414 |   16.935 |   0.0196461
 162.517215429721 |   -0.0658635336316234 |  23.7908 |    0.494654 |  23.7851 |    0.275147 |  22.6771 |    0.186161 |  22.8833 |    0.269648 |  22.1917 |    0.500063
 162.525598303883 |    -0.085290709157517 |  24.8468 |    0.625224 |  25.1665 |    0.500085 |   23.305 |    0.323337 |  22.3762 |    0.180277 |  21.1941 |    0.262151
 162.455845543874 |     -0.10794329961677 |  22.9598 |    0.278419 |  21.5485 |   0.0464157 |  21.1614 |    0.052141 |  20.9883 |    0.057824 |  20.9333 |    0.202592
 162.579563944568 |    -0.063410799303989 |  22.3332 |    0.166872 |  21.2815 |   0.0385635 |  20.9903 |   0.0478803 |  20.9445 |     0.05796 |  20.9985 |    0.224715
 162.507471809563 |   -0.0647258317917386 |  21.8845 |    0.115499 |  20.7496 |   0.0283885 |  20.3213 |   0.0328216 |  20.2332 |     0.03753 |  20.0493 |   0.0980096
 162.586437821326 |    0.0383864407748695 |  23.0981 |     0.47635 |  22.3899 |   0.0928749 |  22.0426 |    0.106631 |  21.8351 |     0.12092 |  21.6323 |    0.396447
 162.523964188109 |   -0.0640830937032775 |  25.6774 |    0.414527 |  24.1914 |    0.364478 |  23.0145 |    0.247449 |  22.2486 |     0.15972 |   22.278 |    0.519874
 162.520906029762 |   -0.0169471412163848 |   24.948 |    0.614156 |  25.3139 |    0.487593 |  24.4443 |    0.625315 |  22.6632 |    0.229853 |  22.4235 |     0.54127
 162.572874615028 |    0.0260684107747729 |  22.6634 |    0.289209 |   19.985 |   0.0252926 |  18.5721 |   0.0174749 |  17.1871 |     0.01881 |   16.429 |   0.0185126
 162.455386726617 |    -0.106594654424059 |  24.6573 |    0.641745 |  25.0033 |    0.498785 |    23.69 |    0.418055 |  22.1162 |     0.14903 |  22.7099 |    0.583833
 162.516739536312 |    0.0504398777543485 |  20.7726 |    0.075382 |   19.164 |   0.0224587 |  18.4773 |   0.0173391 |  18.2128 |   0.0197225 |  18.0166 |   0.0264752
  162.49817669588 |   -0.0608648282617755 |  24.3087 |    0.613051 |  22.1949 |   0.0748467 |  20.7581 |   0.0413154 |  19.9468 |   0.0334098 |  19.5916 |   0.0685543
 162.465558634748 |    -0.066132885218985 |   23.386 |    0.378785 |  21.4025 |   0.0419971 |  19.9248 |    0.025154 |  18.4303 |   0.0200873 |  17.6015 |   0.0212859
 162.595878441797 |   -0.0817837815292641 |  16.4327 |  0.00980632 |  14.4892 |   0.0163816 |  13.8829 | 0.000752906 |   13.577 | 0.000843459 |  13.4818 |    0.024879
(362 rows)

